INSERT INTO users (name, email, password, estatus) VALUES
('Mason Thomas Thomas', 'Mason_Thomas8895@liret.org', '$2y$10$92IXUNpkjO0rOQ5byMi.Ye4oKoEa3Ro9llC/.og/at2.uheWG/igi', 1),
('Owen Hooper Hooper', 'Owen_Hooper5163@twipet.com', '$2y$10$92IXUNpkjO0rOQ5byMi.Ye4oKoEa3Ro9llC/.og/at2.uheWG/igi', 1),
('Chadwick Ebden Ebden', 'Chadwick_Ebden8979@deavo.com', '$2y$10$92IXUNpkjO0rOQ5byMi.Ye4oKoEa3Ro9llC/.og/at2.uheWG/igi', 1),
('Madelyn Stone Stone', 'Madelyn_Stone1864@bulaffy.com', '$2y$10$92IXUNpkjO0rOQ5byMi.Ye4oKoEa3Ro9llC/.og/at2.uheWG/igi', 1),
('Jayden Poulton Poulton', 'Jayden_Poulton7160@iatim.tech', '$2y$10$92IXUNpkjO0rOQ5byMi.Ye4oKoEa3Ro9llC/.og/at2.uheWG/igi', 1),
('Mason Ross Ross', 'Mason_Ross7882@yahoo.com', '$2y$10$92IXUNpkjO0rOQ5byMi.Ye4oKoEa3Ro9llC/.og/at2.uheWG/igi', 1),
('Rosemary Mcneill Mcneill', 'Rosemary_Mcneill7229@sheye.org', '$2y$10$92IXUNpkjO0rOQ5byMi.Ye4oKoEa3Ro9llC/.og/at2.uheWG/igi', 1),
('Belinda Leslie Leslie', 'Belinda_Leslie2455@nickia.com', '$2y$10$92IXUNpkjO0rOQ5byMi.Ye4oKoEa3Ro9llC/.og/at2.uheWG/igi', 1),
('Priscilla Bradshaw Bradshaw', 'Priscilla_Bradshaw9011@nanoff.biz', '$2y$10$92IXUNpkjO0rOQ5byMi.Ye4oKoEa3Ro9llC/.og/at2.uheWG/igi', 1),
('Macy Rixon Rixon', 'Macy_Rixon5689@gembat.biz', '$2y$10$92IXUNpkjO0rOQ5byMi.Ye4oKoEa3Ro9llC/.og/at2.uheWG/igi', 1),
('Thea Heaton Heaton', 'Thea_Heaton3778@nickia.com', '$2y$10$92IXUNpkjO0rOQ5byMi.Ye4oKoEa3Ro9llC/.og/at2.uheWG/igi', 1),
('Jacob Patel Patel', 'Jacob_Patel8549@gmail.com', '$2y$10$92IXUNpkjO0rOQ5byMi.Ye4oKoEa3Ro9llC/.og/at2.uheWG/igi', 1),
('Stephanie Young Young', 'Stephanie_Young1666@nimogy.biz', '$2y$10$92IXUNpkjO0rOQ5byMi.Ye4oKoEa3Ro9llC/.og/at2.uheWG/igi', 1),
('Marigold Ross Ross', 'Marigold_Ross5032@bungar.biz', '$2y$10$92IXUNpkjO0rOQ5byMi.Ye4oKoEa3Ro9llC/.og/at2.uheWG/igi', 1),
('Jessica Boden Boden', 'Jessica_Boden4772@iatim.tech', '$2y$10$92IXUNpkjO0rOQ5byMi.Ye4oKoEa3Ro9llC/.og/at2.uheWG/igi', 1),
('Barry Fall Fall', 'Barry_Fall8502@gmail.com', '$2y$10$92IXUNpkjO0rOQ5byMi.Ye4oKoEa3Ro9llC/.og/at2.uheWG/igi', 1),
('Benny Wilkinson Wilkinson', 'Benny_Wilkinson4922@zorer.org', '$2y$10$92IXUNpkjO0rOQ5byMi.Ye4oKoEa3Ro9llC/.og/at2.uheWG/igi', 1),
('Christy Hope Hope', 'Christy_Hope1244@deavo.com', '$2y$10$92IXUNpkjO0rOQ5byMi.Ye4oKoEa3Ro9llC/.og/at2.uheWG/igi', 1),
('Leah Fall Fall', 'Leah_Fall3593@gmail.com', '$2y$10$92IXUNpkjO0rOQ5byMi.Ye4oKoEa3Ro9llC/.og/at2.uheWG/igi', 1),
('Eve Howard Howard', 'Eve_Howard6881@eirey.tech', '$2y$10$92IXUNpkjO0rOQ5byMi.Ye4oKoEa3Ro9llC/.og/at2.uheWG/igi', 1),
('Mara Chapman Chapman', 'Mara_Chapman5234@dionrab.com', '$2y$10$92IXUNpkjO0rOQ5byMi.Ye4oKoEa3Ro9llC/.og/at2.uheWG/igi', 1),
('Angel Rees Rees', 'Angel_Rees2493@gompie.com', '$2y$10$92IXUNpkjO0rOQ5byMi.Ye4oKoEa3Ro9llC/.og/at2.uheWG/igi', 1),
('Nicholas Palmer Palmer', 'Nicholas_Palmer5203@qater.org', '$2y$10$92IXUNpkjO0rOQ5byMi.Ye4oKoEa3Ro9llC/.og/at2.uheWG/igi', 1),
('Chadwick Jarrett Jarrett', 'Chadwick_Jarrett2727@deons.tech', '$2y$10$92IXUNpkjO0rOQ5byMi.Ye4oKoEa3Ro9llC/.og/at2.uheWG/igi', 1),
('Bob Vallins Vallins', 'Bob_Vallins534@nickia.com', '$2y$10$92IXUNpkjO0rOQ5byMi.Ye4oKoEa3Ro9llC/.og/at2.uheWG/igi', 1),
('Owen Jennson Jennson', 'Owen_Jennson40@mafthy.com', '$2y$10$92IXUNpkjO0rOQ5byMi.Ye4oKoEa3Ro9llC/.og/at2.uheWG/igi', 1),
('Daron Norton Norton', 'Daron_Norton7498@vetan.org', '$2y$10$92IXUNpkjO0rOQ5byMi.Ye4oKoEa3Ro9llC/.og/at2.uheWG/igi', 1),
('Fred Gregory Gregory', 'Fred_Gregory8114@bulaffy.com', '$2y$10$92IXUNpkjO0rOQ5byMi.Ye4oKoEa3Ro9llC/.og/at2.uheWG/igi', 1),
('Anthony Owens Owens', 'Anthony_Owens9707@corti.com', '$2y$10$92IXUNpkjO0rOQ5byMi.Ye4oKoEa3Ro9llC/.og/at2.uheWG/igi', 1),
('Lana May May', 'Lana_May1389@tonsy.org', '$2y$10$92IXUNpkjO0rOQ5byMi.Ye4oKoEa3Ro9llC/.og/at2.uheWG/igi', 1),
('Jacob Hamilton Hamilton', 'Jacob_Hamilton9718@atink.com', '$2y$10$92IXUNpkjO0rOQ5byMi.Ye4oKoEa3Ro9llC/.og/at2.uheWG/igi', 1),
('Carl Hilton Hilton', 'Carl_Hilton397@infotech44.tech', '$2y$10$92IXUNpkjO0rOQ5byMi.Ye4oKoEa3Ro9llC/.og/at2.uheWG/igi', 1),
('Summer Radcliffe Radcliffe', 'Summer_Radcliffe5982@deons.tech', '$2y$10$92IXUNpkjO0rOQ5byMi.Ye4oKoEa3Ro9llC/.og/at2.uheWG/igi', 1),
('Leanne Thomson Thomson', 'Leanne_Thomson6738@vetan.org', '$2y$10$92IXUNpkjO0rOQ5byMi.Ye4oKoEa3Ro9llC/.og/at2.uheWG/igi', 1),
('Denis Hill Hill', 'Denis_Hill9388@liret.org', '$2y$10$92IXUNpkjO0rOQ5byMi.Ye4oKoEa3Ro9llC/.og/at2.uheWG/igi', 1),
('Manuel Poole Poole', 'Manuel_Poole8784@zorer.org', '$2y$10$92IXUNpkjO0rOQ5byMi.Ye4oKoEa3Ro9llC/.og/at2.uheWG/igi', 1),
('Gil Williams Williams', 'Gil_Williams4331@deons.tech', '$2y$10$92IXUNpkjO0rOQ5byMi.Ye4oKoEa3Ro9llC/.og/at2.uheWG/igi', 1),
('Nicholas Thorne Thorne', 'Nicholas_Thorne2918@dionrab.com', '$2y$10$92IXUNpkjO0rOQ5byMi.Ye4oKoEa3Ro9llC/.og/at2.uheWG/igi', 1),
('Luke Rosenbloom Rosenbloom', 'Luke_Rosenbloom7279@dionrab.com', '$2y$10$92IXUNpkjO0rOQ5byMi.Ye4oKoEa3Ro9llC/.og/at2.uheWG/igi', 1),
('Isabella Warner Warner', 'Isabella_Warner5516@naiker.biz', '$2y$10$92IXUNpkjO0rOQ5byMi.Ye4oKoEa3Ro9llC/.og/at2.uheWG/igi', 1),
('Chris Cobb Cobb', 'Chris_Cobb2153@yahoo.com', '$2y$10$92IXUNpkjO0rOQ5byMi.Ye4oKoEa3Ro9llC/.og/at2.uheWG/igi', 1),
('Wade Rogan Rogan', 'Wade_Rogan2357@guentu.biz', '$2y$10$92IXUNpkjO0rOQ5byMi.Ye4oKoEa3Ro9llC/.og/at2.uheWG/igi', 1),
('Grace James James', 'Grace_James7398@deavo.com', '$2y$10$92IXUNpkjO0rOQ5byMi.Ye4oKoEa3Ro9llC/.og/at2.uheWG/igi', 1),
('Liliana Rowlands Rowlands', 'Liliana_Rowlands7299@naiker.biz', '$2y$10$92IXUNpkjO0rOQ5byMi.Ye4oKoEa3Ro9llC/.og/at2.uheWG/igi', 1),
('Agnes Russell Russell', 'Agnes_Russell5302@atink.com', '$2y$10$92IXUNpkjO0rOQ5byMi.Ye4oKoEa3Ro9llC/.og/at2.uheWG/igi', 1),
('Susan Kidd Kidd', 'Susan_Kidd541@sheye.org', '$2y$10$92IXUNpkjO0rOQ5byMi.Ye4oKoEa3Ro9llC/.og/at2.uheWG/igi', 1),
('Jack Abbey Abbey', 'Jack_Abbey5102@mafthy.com', '$2y$10$92IXUNpkjO0rOQ5byMi.Ye4oKoEa3Ro9llC/.og/at2.uheWG/igi', 1),
('Javier Morris Morris', 'Javier_Morris9120@hourpy.biz', '$2y$10$92IXUNpkjO0rOQ5byMi.Ye4oKoEa3Ro9llC/.og/at2.uheWG/igi', 1),
('Emma Widdows Widdows', 'Emma_Widdows8784@cispeto.com', '$2y$10$92IXUNpkjO0rOQ5byMi.Ye4oKoEa3Ro9llC/.og/at2.uheWG/igi', 1),
('Barry Franks Franks', 'Barry_Franks2140@supunk.biz', '$2y$10$92IXUNpkjO0rOQ5byMi.Ye4oKoEa3Ro9llC/.og/at2.uheWG/igi', 1);

INSERT INTO empleados (user_id, nombre, primer_apellido, segundo_apellido, created_user_id, updated_user_id, telefono, direccion, clave_empleado) VALUES
(3,'Mason', 'Thomas', 'Thomas', 1, 1, '6020261288', 'Bishop 853|Fort Lauderdale|4548|Brazil','d6c6350c-3816-44e2-a8c8-17d1a1672f61'),
(4,'Owen', 'Hooper', 'Hooper', 1, 1, '7424381078', 'Bolingbroke 7562|Los Angeles|3252|Algeria','1b5a27be-178c-493d-8ce8-88890032a42b'),
(5,'Chadwick', 'Ebden', 'Ebden', 1, 1, '2501481514', 'Caedmon 4782|Portland|3645|Congo','c31b24f5-0845-4544-9ee4-17a7dcd590df'),
(6,'Madelyn', 'Stone', 'Stone', 1, 1, '1348467820', 'Linda Lane3533|Honolulu|0087|Norway','4b5172ae-c98d-4669-ab06-8500ca2a5d93'),
(7,'Jayden', 'Poulton', 'Poulton', 1, 1, '4607635332', 'Angrave 3409|Hollywood|4462|Thailand','2bc6ed1d-2041-43ec-9759-571bae112829'),
(8,'Mason', 'Ross', 'Ross', 1, 1, '6686814170', 'Bingham 7039|Moreno Valley|4045|Montenegro','39158ad2-554f-471b-98ca-4eb46f9fbafc'),
(9,'Rosemary', 'Mcneill', 'Mcneill', 1, 1, '7525857360', 'Sheringham 61|Milano|7574|Qatar','39f2bcdc-b181-4d03-93b4-e87b3b20bf6e'),
(10,'Belinda', 'Leslie', 'Leslie', 1, 1, '4381433510', 'Archery 1540|Louisville|2508|Kuwait','aafbd1d0-178e-4cd9-a4b8-86acdae9d2a7'),
(11,'Priscilla', 'Bradshaw', 'Bradshaw', 1, 1, '1363086443', 'Bekesbourne 3079|Toledo|5446|Uganda','789d6a87-c22f-47f0-9600-69bbaa802efe'),
(12,'Macy', 'Rixon', 'Rixon', 1, 1, '1527053863', 'Railroad 9648|Jacksonville|1522|Guyana','6d31666a-a08a-4583-8017-6da078e31170'),
(13,'Thea', 'Heaton', 'Heaton', 1, 1, '7344624567', 'Carol 7823|Bucharest|3856|Kiribati','50b81786-cdba-4d34-92ac-166547a67dc9'),
(14,'Jacob', 'Patel', 'Patel', 1, 1, '8638385201', 'Caedmon 4714|Norfolk|4275|Egypt','374ddc9a-1e03-43c2-a978-cfb732c647b8'),
(15,'Stephanie', 'Young', 'Young', 1, 1, '2713807106', 'Elia 6228|Wien|5358|Kosovo','dde2889d-04b5-4ad6-9f04-a57bbb8883ca'),
(16,'Marigold', 'Ross', 'Ross', 1, 1, '6324880531', 'Carpenter 4297|Otawa|2342|Argentina','58219985-adbb-4701-8f48-5998ac1d629e'),
(17,'Jessica', 'Boden', 'Boden', 1, 1, '4421554221', 'Camera 4920|Saint Paul|2181|Iceland','59fee365-2c40-45a4-9533-261b31ab1fa7'),
(18,'Barry', 'Fall', 'Fall', 1, 1, '2283741023', 'Bayberry 5905|Salem|6748|Malawi','9fbe52c9-9e03-43a9-9bd1-67c713bdfa0f'),
(19,'Benny', 'Wilkinson', 'Wilkinson', 1, 1, '6803038003', 'Clissold 3973|Springfield|2635|Italy','2546b15b-baab-4074-beed-d38d0eb2b70a'),
(20,'Christy', 'Hope', 'Hope', 1, 1, '8456110341', 'York 4212|Hayward|2410|Bhutan','1a085169-df98-430b-9f78-76c53779c380');

INSERT INTO clientes(user_id, clave_cliente, nombre_completo, telefono, slug, tipo) VALUES
(21,'c276e3ca-a1da-4cd2-ad5f-376b447f2ad8', 'Leah Fall Fall', '4631244401', 'c276e3ca-a1da-4cd2-ad5f-376b447f2ad8', 'general'),
(22,'301ac64d-1121-48d8-a5ab-011d0e247e3f', 'Eve Howard Howard', '7883141445', '301ac64d-1121-48d8-a5ab-011d0e247e3f', 'general'),
(23,'f0c8e2dc-ce11-4e80-a11f-f7fc1965b73c', 'Mara Chapman Chapman', '0888775514', 'f0c8e2dc-ce11-4e80-a11f-f7fc1965b73c', 'general'),
(24,'171dd02c-20b2-4b19-ab79-357abb9f12d7', 'Angel Rees Rees', '5016834641', '171dd02c-20b2-4b19-ab79-357abb9f12d7', 'general'),
(25,'71431b49-8aaf-4587-9831-fbda65e3f8c1', 'Nicholas Palmer Palmer', '1515216262', '71431b49-8aaf-4587-9831-fbda65e3f8c1', 'general'),
(26,'f7fa37b8-3347-45ba-ae18-4c6876dbf9dc', 'Chadwick Jarrett Jarrett', '4655601746', 'f7fa37b8-3347-45ba-ae18-4c6876dbf9dc', 'general'),
(27,'103ded3b-0a68-48e8-a4ba-0d1b613474f3', 'Bob Vallins Vallins', '5011774757', '103ded3b-0a68-48e8-a4ba-0d1b613474f3', 'general'),
(28,'aab35a5a-228d-44ab-9d94-7bf2f4ce2911', 'Owen Jennson Jennson', '4362620051', 'aab35a5a-228d-44ab-9d94-7bf2f4ce2911', 'general'),
(29,'99ee489e-34de-45f3-8e37-5234ce75bdbe', 'Daron Norton Norton', '4711176582', '99ee489e-34de-45f3-8e37-5234ce75bdbe', 'general'),
(30,'010a078f-a56b-4e0d-9c69-16c29dc7b13b', 'Fred Gregory Gregory', '3270313361', '010a078f-a56b-4e0d-9c69-16c29dc7b13b', 'general'),
(31,'120b3737-3c9f-48cb-b45a-a3c8eddf0f8b', 'Anthony Owens Owens', '7222031407', '120b3737-3c9f-48cb-b45a-a3c8eddf0f8b', 'general'),
(32,'b5651ab5-6cd5-4f4a-a38f-db11bb52ac27', 'Lana May May', '0422456784', 'b5651ab5-6cd5-4f4a-a38f-db11bb52ac27', 'general'),
(33,'cbacd488-6b56-4538-8a6b-a7452bcd6515', 'Jacob Hamilton Hamilton', '1767475738', 'cbacd488-6b56-4538-8a6b-a7452bcd6515', 'general'),
(34,'32042073-5bb3-4ce8-9c4a-2c31425057dc', 'Carl Hilton Hilton', '2206414703', '32042073-5bb3-4ce8-9c4a-2c31425057dc', 'general'),
(35,'4edad9ae-c205-4465-99eb-ffee073b43af', 'Summer Radcliffe Radcliffe', '1372305582', '4edad9ae-c205-4465-99eb-ffee073b43af', 'general'),
(36,'61073dd2-5504-4869-8e62-0785ed2aa853', 'Leanne Thomson Thomson', '5353518672', '61073dd2-5504-4869-8e62-0785ed2aa853', 'general'),
(37,'0d3e9c54-1772-4478-9b77-9f7d2ea28438', 'Denis Hill Hill', '1007003337', '0d3e9c54-1772-4478-9b77-9f7d2ea28438', 'general'),
(38,'59d54611-6f5b-4f15-872f-2992bb99ec9b', 'Manuel Poole Poole', '3182134784', '59d54611-6f5b-4f15-872f-2992bb99ec9b', 'general'),
(39,'37baf522-7ce6-4157-a1cd-1fc8496536ec', 'Gil Williams Williams', '6826654236', '37baf522-7ce6-4157-a1cd-1fc8496536ec', 'general'),
(40,'681e4d15-7a5e-41ed-8c73-9a9eb8b018bf', 'Nicholas Thorne Thorne', '3261214773', '681e4d15-7a5e-41ed-8c73-9a9eb8b018bf', 'general'),
(41,'21db1747-1c40-4ff4-ae95-9f8900ae0805', 'Luke Rosenbloom Rosenbloom', '0880764882', '21db1747-1c40-4ff4-ae95-9f8900ae0805', 'general'),
(42,'36b993d4-abd6-4c09-9deb-8a830766eb42', 'Isabella Warner Warner', '0538722252', '36b993d4-abd6-4c09-9deb-8a830766eb42', 'general'),
(43,'1043a544-6b14-40e8-b1aa-207e6a632aae', 'Chris Cobb Cobb', '3703687056', '1043a544-6b14-40e8-b1aa-207e6a632aae', 'general'),
(44,'7fdb4d8b-7c26-4f78-a487-461d286a7ad5', 'Wade Rogan Rogan', '4002441784', '7fdb4d8b-7c26-4f78-a487-461d286a7ad5', 'general'),
(45,'98bd8ca2-0282-481e-bd70-95096a4feeed', 'Grace James James', '4040045722', '98bd8ca2-0282-481e-bd70-95096a4feeed', 'general'),
(46,'3b27462d-c5f1-464c-b29f-8d169cf40c5b', 'Liliana Rowlands Rowlands', '3606411168', '3b27462d-c5f1-464c-b29f-8d169cf40c5b', 'general'),
(47,'861f48dd-cdb5-4f74-bf35-4c1996150953', 'Agnes Russell Russell', '2203684706', '861f48dd-cdb5-4f74-bf35-4c1996150953', 'general'),
(48,'3cca9638-b88b-4f5c-94fc-fedd521e3e12', 'Susan Kidd Kidd', '3802446001', '3cca9638-b88b-4f5c-94fc-fedd521e3e12', 'general'),
(49,'62c94bc2-cc7f-4597-9165-227b58580217', 'Jack Abbey Abbey', '8771360253', '62c94bc2-cc7f-4597-9165-227b58580217', 'general'),
(50,'eebd5871-78fe-4242-9eba-2f5900db5b13', 'Javier Morris Morris', '3716412564', 'eebd5871-78fe-4242-9eba-2f5900db5b13', 'general'),
(51,'af8bbc9c-fa37-4292-94dc-e75c655016df', 'Emma Widdows Widdows', '6101717520', 'af8bbc9c-fa37-4292-94dc-e75c655016df', 'general'),
(52,'33e59b4b-0445-4aef-84a9-8063c59f2bc8', 'Barry Franks Franks', '8531405176', '33e59b4b-0445-4aef-84a9-8063c59f2bc8', 'general');

INSERT INTO model_has_roles VALUES
(2, 'App\Models\User', 3),
(2, 'App\Models\User', 4),
(2, 'App\Models\User', 5),
(2, 'App\Models\User', 6),
(2, 'App\Models\User', 7),
(2, 'App\Models\User', 8),
(2, 'App\Models\User', 9),
(2, 'App\Models\User', 10),
(2, 'App\Models\User', 11),
(2, 'App\Models\User', 12),
(2, 'App\Models\User', 13),
(2, 'App\Models\User', 14),
(2, 'App\Models\User', 15),
(2, 'App\Models\User', 16),
(2, 'App\Models\User', 17),
(2, 'App\Models\User', 18),
(2, 'App\Models\User', 19),
(2, 'App\Models\User', 20),
(3, 'App\Models\User', 21),
(3, 'App\Models\User', 22),
(3, 'App\Models\User', 23),
(3, 'App\Models\User', 24),
(3, 'App\Models\User', 25),
(3, 'App\Models\User', 26),
(3, 'App\Models\User', 27),
(3, 'App\Models\User', 28),
(3, 'App\Models\User', 29),
(3, 'App\Models\User', 30),
(3, 'App\Models\User', 31),
(3, 'App\Models\User', 32),
(3, 'App\Models\User', 33),
(3, 'App\Models\User', 34),
(3, 'App\Models\User', 35),
(3, 'App\Models\User', 36),
(3, 'App\Models\User', 37),
(3, 'App\Models\User', 38),
(3, 'App\Models\User', 39),
(3, 'App\Models\User', 40),
(3, 'App\Models\User', 41),
(3, 'App\Models\User', 42),
(3, 'App\Models\User', 43),
(3, 'App\Models\User', 44),
(3, 'App\Models\User', 45),
(3, 'App\Models\User', 46),
(3, 'App\Models\User', 47),
(3, 'App\Models\User', 48),
(3, 'App\Models\User', 49),
(3, 'App\Models\User', 50),
(3, 'App\Models\User', 51),
(3, 'App\Models\User', 52);

INSERT INTO tareas(tarea, descripcion, modulo, estatus, created_user_id, updated_user_id) VALUES
('Lopping', 'oXfkXoAcUpaWJnuE1QTBqhZEdvHcDrICL2huap', 'modulo 1', 1, 1, 1),
('DeskGet', 'zCumL4Ke9mqLu6iymTPmCzpMonPYpoEpxZ058K', 'modulo 1', 1, 1, 1),
('Run24', 'eofOu5dzekfbHtKgN2ksZyPEZOkLKkSmBZUztV', 'modulo 1', 1, 1, 1),
('ReadABook', 'YaMetCGeu2aZZWlov5M5wTu4fV71VvqA12uTbX', 'modulo 1', 1, 1, 1),
('Paize', 'kPxqVflJJZrVWJ7dq7qK4a5oBAxKdkBYWSo18v', 'modulo 1', 1, 1, 1),
('LilyGrate', '8N6maaN39qpYbVlSUTCyCKAhpx3XTnFvIXA1Mt', 'modulo 1', 1, 1, 1),
('BeReady', 'lp6y2jsPygBtsfnJLMjA4dHFSyTvEft8qDgOtj', 'modulo 1', 1, 1, 1),
('Aor', 'YqU3oahJdZGYRSn6aFYsU2ksgkq5m3Og2OW7r1', 'modulo 1', 1, 1, 1),
('ROF', 'rA2C6zF637deWPAOLKTkgeFyIEDNutzyHCHtfS', 'modulo 1', 1, 1, 1),
('SolSol', 'wG6N70Ns9XsmW362XR0VouObRdGAqlVasSKtDl', 'modulo 1', 1, 1, 1),
('Prayons', '99GUs1dH41KLdCVhfR4vhVkWPF2vWsANefbZjM', 'modulo 1', 1, 1, 1),
('Orty', 'NyXYI85WEHGDMshRu4tTQ0y6HKJXYz427KqnDm', 'modulo 1', 1, 1, 1),
('Run24', '390zl7EyMk0Y5st5nHBBiRtQkulTbI8rWnWHwf', 'modulo 1', 1, 1, 1),
('Avatar Mobile', 'JE6GTDmtT2PG4gLALXT1Twlv5294ieP4zIKFxF', 'modulo 1', 1, 1, 1),
('Orty', 'julIDHrijvsBV2Lf8edOMhielLB4RhQf4A7HlE', 'modulo 1', 1, 1, 1),
('Shost', 'NK4f5nTM5JpfgPK1YTFeO79IYWyfNbO86hYvAW', 'modulo 1', 1, 1, 1),
('MyGameNight', 'ASW3xvJGrv64sNJDf2AJxrsxmxVUc0gXR8VWXj', 'modulo 1', 1, 1, 1),
('Yola', 'xHC1PC9ofLOY6tESsL0BwZy91mQIMFXMFndPdC', 'modulo 1', 1, 1, 1),
('Vrigo', 'DxzcovyjTxWlhXjXgo8HRiK2Xm93wzK25WMYod', 'modulo 1', 1, 1, 1),
('Run24', 'UOylLOJX8Wtoh3LBU1NoJmdZAnZn0KLOLWxVE1', 'modulo 1', 1, 1, 1),
('Resinagro', 'qGQL1nZbBonBnul9z8ErtyAPSMip1WQ80WGGQf', 'modulo 1', 1, 1, 1),
('Koob', 'VdPZexffZWhrPGoz2H5xKvZfersMquzgCKN6pS', 'modulo 1', 1, 1, 1),
('Baywtch', 'STCpNe1En3hp9ci06sOnHMOzMNwqV8OKnCCNaM', 'modulo 1', 1, 1, 1),
('ReadABook', 'aXqx9sqqIIkrgJsflbJTMpeLM9RUv2YZgral9T', 'modulo 1', 1, 1, 1),
('Arty', 'YyPS14is9NN03OrY8gcrTKEYBi9B5ypkPXX4sn', 'modulo 1', 1, 1, 1);

INSERT INTO empleado_tarea VALUES
(1, 1),
(1, 2),
(1, 3),
(2, 4),
(2, 5),
(2, 6),
(3, 7),
(3, 8),
(3, 9),
(4, 10),
(4, 11),
(4, 12),
(5, 13),
(5, 14),
(5, 15),
(6, 16),
(6, 17),
(6, 18),
(7, 19),
(7, 1),
(7, 2),
(8, 3),
(8, 4),
(8, 5),
(9, 6),
(9, 7),
(9, 8),
(10, 9),
(10, 10),
(10, 11),
(11, 12),
(11, 13),
(11, 14),
(12, 15),
(12, 16),
(12, 17),
(13, 18),
(13, 19),
(14, 1),
(14, 2),
(14, 3),
(15, 4),
(15, 5),
(15, 6),
(16, 7),
(16, 8),
(16, 9),
(17, 10),
(17, 11),
(17, 12),
(18, 13),
(18, 14),
(18, 15),
(19, 16),
(19, 17),
(19, 18),
(20, 19),
(21, 1),
(21, 2),
(21, 3),
(22, 4),
(22, 5),
(22, 6),
(23, 7),
(23, 8),
(23, 9),
(24, 10),
(24, 11),
(24, 12),
(25, 13),
(25, 14),
(25, 15),
(20, 16),
(20, 17);

INSERT INTO proveedores(nombre, descrip, path, slug, clave_prov, estatus, created_user_id, updated_user_id) VALUES
('Areon Impex', 'Advertisement department', 'V589Lr.doc', 'Apple Inc.', '9f15d0f2-402e-4a22-921d-d596d383a9c1', 1, 1, 1),
('Erickson', 'Domestic operations', 't7oaH4.log', '21st Century Fox', '06a6a786-af7c-43e2-bdf4-79cfba137981', 1, 1, 1),
('UPC', 'International Operations', '5GNwvj.iso', 'Danone', '2a30fd84-b080-4deb-8bf2-34adbf4b7956', 1, 1, 1),
('Coca-Cola Company', 'International Operations', 'VZCdff.xlsx', 'Areon Impex', '6c5e8629-0d04-4485-816b-b9e13f831963', 1, 1, 1),
('Comcast', 'Non-Store Operations', 'k6Dlsm.sql', 'Carrefour', '862eb229-f2e5-4ea9-b367-2962250ba4b4', 1, 1, 1),
('Demaco', 'Logistics', 'lz77o3.htm', 'Team Guard SRL', '810bba6b-4344-4b0e-a114-073cb2191267', 1, 1, 1),
('Facebook', 'Logistics', 'WjKYmP.exe', 'ENEL', '1cb17f02-0155-4c4f-a92e-1a742d6a85a8', 1, 1, 1),
('Mars', 'Logistics', 'vPbIpC.rss', 'Areon Impex', 'e3c9a97e-7e1e-4e7a-8f85-d41ee52de6be', 1, 1, 1),
('Comcast', 'Personnel Department', 'ITXkXj.txt', 'Apple Inc.', '3bda0880-684c-49fc-9789-ecadb022f3a6', 1, 1, 1),
('Boeing', 'Property department', 'KYvJGD.rar', 'Mars', 'bd2c9276-9c8a-4e83-bca9-7eb1c0d8eaba', 1, 1, 1),
('Leadertech Consulting', 'Domestic operations', 'qLTyBw.mov', 'Comcast', 'f63b1789-3466-4e8d-ba9d-2463f0603e07', 1, 1, 1),
('Comodo', 'Property department', 'RdJ43S.ppt', 'Telekom', '4159ef1f-1dfb-4c2f-95f5-d40bb3a0824e', 1, 1, 1),
('ENEL', 'International Operations', '3vLkh1.tmp', '21st Century Fox', 'c74911f9-70b3-428a-a874-a4862d6fc027', 1, 1, 1),
('Demaco', 'Inventory', 'FmJY2R.7z', 'Metro Cash&Carry', 'fd6e036f-5fb4-448e-9b6d-dc92cab1fbe3', 1, 1, 1),
('UPC', 'Logistics', '0TSkzu.msi', 'Comcast', '980a09c7-0c18-4601-b90b-688746530a63', 1, 1, 1),
('Amazon.com', 'Property department', '8Peca0.cab', 'Demaco', 'edf3be76-310c-475d-b33e-9f35586e8236', 1, 1, 1),
('Comcast', 'Logistics', 'UGncrl.rar', 'Apple Inc.', '9ccb39db-bd10-4805-8987-6f58fa03e0c4', 1, 1, 1),
('Coca-Cola Company', 'Legal and public relation department', 'w3k2Yf.db', 'Facebook', 'f9f635bd-f8f4-4553-af0e-7d381357e724', 1, 1, 1),
('Coca-Cola Company', 'Advertisement department', '0S5b68.exe', 'BuzzFeed', 'f437745c-3cc5-45a2-b694-040584da661e', 1, 1, 1),
('Apple Inc.', 'Domestic operations', 'CnMSdg.msi', 'It Smart Group', 'a2ea05cc-491e-4140-89da-dc4f4df16507', 1, 1, 1),
('Danone', 'Non-Store Operations', 'gYmqVK.ppt', 'Team Guard SRL', 'efec5fa9-d195-4102-ac80-f46ea89d411c', 1, 1, 1),
('Comodo', 'Inventory', 'rG19Ui.log', 'Boeing', '88285d8d-76ac-4447-87f5-c4363c40c351', 1, 1, 1),
('Leadertech Consulting', 'Domestic operations', 'r2Jo2i.php', 'Comodo', 'c416eaf6-ba6d-45e4-a10c-769a2098c05e', 1, 1, 1),
('Metro Cash&Carry', 'International Operations', 'yeZDNM.rtf', 'Team Guard SRL', '49d184e6-5d0a-4d5b-b8fe-adb6c1d444d0', 1, 1, 1),
('Boeing', 'Inventory', 'SJ7vsF.doc', 'Biolife Grup', '0ba6601a-5a54-4d93-bc7b-5c85b1fd954b', 1, 1, 1),
('UPC', 'Non-Store Operations', 'SDSnWZ.csv', 'BuzzFeed', '93837839-64b9-4bf1-b4be-b2d693c7aa5a', 1, 1, 1),
('Boeing', 'Inventory', 'I1gDPJ.db', 'Areon Impex', 'ef0faa18-c8d5-4ef2-8f11-e476be1ff1e4', 1, 1, 1),
('Mars', 'International Operations', 'Qn2pvs.xls', 'Amazon.com', '042d893f-b3fe-49c8-93b9-e26d2aa15119', 1, 1, 1),
('Team Guard SRL', 'Personnel Department', 'F6KEW9.html', 'Biolife Grup', '4952206e-1df8-4118-8c2d-53a08cf5e1bb', 1, 1, 1),
('CarMax', 'Property department', 'tKI9kQ.java', 'It Smart Group', '21fcd520-4c18-4ddf-9e6f-9eb5d94db0ea', 1, 1, 1);